platform,type,text
Facebook,article,"Ngan Pham đề xuất The Shine Fitness. 2 Tháng 4, 2025 · PT Thái quá tuyệt vời! Tập ở đây rất hiệu quả nha mn Tất cả cảm xúc: 1 1 bình luận Phù hợp nhất﻿ The Shine Fitness Cám ơn bạn đã lựa chọn và đồng hành cùng The Shine trong việc tập luyện ạ! 1 năm"
Facebook,article,The Shine Fitness Cám ơn bạn đã lựa chọn và đồng hành cùng The Shine trong việc tập luyện ạ! 1 năm
Facebook,article,"Hoàng Phúc Lê đề xuất The Shine Fitness. 2 Tháng 10, 2024 · Phòng tập thoáng mát, rộng rãi, tập luyện thoãi mái và vui Tất cả cảm xúc: 1 1 bình luận Phù hợp nhất﻿ The Shine Fitness Dạ cám ơn bạn đã lựa chọn và đồng hành cùng The Shine trong việc tập luyện ạ! 1 năm"
Facebook,article,The Shine Fitness Dạ cám ơn bạn đã lựa chọn và đồng hành cùng The Shine trong việc tập luyện ạ! 1 năm
Facebook,article,"Đặng Quang đề xuất The Shine Fitness. 2 Tháng 10, 2024 · Phòng tập sạch sẽ thoáng mát đội ngũ HLV nhiệt tình Tất cả cảm xúc: 1 1 bình luận Phù hợp nhất﻿ The Shine Fitness Dạ cám ơn bạn đã lựa chọn và đồng hành cùng The Shine trong việc tập luyện ạ! 1 năm"
Facebook,article,"Lê Tuyết Nhi đề xuất The Shine Fitness. 2 Tháng 10, 2024 · Phòng tập có rất nhiều các bạn nữ như mình, nhiều khi đi ngay ngày nam tập nhiềuu tưởng bị bơ vơ hihi Tất cả cảm xúc: 1 1 bình luận The Shine Fitness Dạ cám ơn bạn đã lựa chọn và đồng hành cùng The Shine trong việc tập luyện ạ! 1 năm"
Facebook,article,"Lê Minh đề xuất The Shine Fitness. 11 Tháng 7, 2024 · Nhân viên thân thiện, trải nghiệm tốt Tất cả cảm xúc: 1 1 bình luận The Shine Fitness Dạ The Shine rất cám ơn bạn đã tin chọn và sử dụng dịch vụ tại trung tâm ạ! 2 năm"
Facebook,article,The Shine Fitness Dạ The Shine rất cám ơn bạn đã tin chọn và sử dụng dịch vụ tại trung tâm ạ! 2 năm
Facebook,text,PT Thái quá tuyệt vời! Tập ở đây rất hiệu quả nha mn
Facebook,text,Cám ơn bạn đã lựa chọn và đồng hành cùng The Shine trong việc tập luyện ạ!
Facebook,text,"Phòng tập thoáng mát, rộng rãi, tập luyện thoãi mái và vui"
Facebook,text,Dạ cám ơn bạn đã lựa chọn và đồng hành cùng The Shine trong việc tập luyện ạ!
Facebook,text,Phòng tập sạch sẽ thoáng mát đội ngũ HLV nhiệt tình
Facebook,text,"Phòng tập có rất nhiều các bạn nữ như mình, nhiều khi đi ngay ngày nam tập nhiềuu tưởng bị bơ vơ hihi"
Facebook,text,"Nhân viên thân thiện, trải nghiệm tốt"
Facebook,text,Dạ The Shine rất cám ơn bạn đã tin chọn và sử dụng dịch vụ tại trung tâm ạ!
