review_id,author,rating,time,text
Ci9DQUlRQUNvZENodHljRjlvT25jdE9HaFRjRU5zZVdoRVIwbFZkVTFuYTIxNFNtYxAB,Linh Vu,5,5 months ago,"Surprisingly good! Fair price, has daily pass as well. 5/5!"
ChdDSUhNMG9nS0VJQ0FnSURud05tRTRBRRAB,Duy Huỳnh Văn,5,a year ago,"I had a wonderful experience with the beautiful place right there. This is the first time I came to here, but the staff always help me with the pleasure.The PT coach is really professional, experience and friendly as well. My mate recommend this place for me that is absolutely worthy."
ChdDSUhNMG9nS0VJQ0FnSUR2cmEzZDlBRRAB,Vu Dang Khoa,5,a year ago,"Its so clean, beauty and good service to me!"
Ci9DQUlRQUNvZENodHljRjlvT2pkSWN6ZFZiemRwWm5keVRrdzJiRUpLTW5aelNWRRAB,Gia Hieu Hoàng,5,11 months ago,Ifbb pro
ChdDSUhNMG9nS0VJQ0FnTURvMHFlOGd3RRAB,HIỂN LÊ VĂN,5,a year ago,Clean gym
Ci9DQUlRQUNvZENodHljRjlvT2poS1NYWnFUMFUzYjNkblpXeGhhbXB4VVhKRlJtYxAB,Nguyễn Quốc Việt,5,a year ago,ok
ChdDSUhNMG9nS0VJQ0FnSURuMElueW9nRRAB,Khải Trương,5,a year ago,Good
Ci9DQUlRQUNvZENodHljRjlvT25ScmFWbFZNRWxqVXpneFNGZHBNM1JVY0doRmJrRRAB,Anh Huỳnh,5,a month ago,Is clean and help me with my health it even have trainer too
Ci9DQUlRQUNvZENodHljRjlvT21ocFluaFZjVVJuVlV3MmNYQkdUVEU0TlRreE5tYxAB,Jack McCaughan,5,a month ago,Great that you can pay in for a day pass and really has everything you need.
Ci9DQUlRQUNvZENodHljRjlvT2xKeVZXaFRVMXBCVUd0UFZUZG1iMmt5V2xoelMzYxAB,Thảo Nguyễn,5,2 months ago,"Here are some of my small successes after 4 months of training here: I went from 52kg to 49kg, my waist circumference increased by 2cm, my back and shoulders are more defined, not only has my fitness improved, but I've also formed a habit of regular exercise, I feel more relaxed, look more beautiful, and feel more confident.

I've trained with two personal trainers, Tony and Thai, both of whom have been very supportive. My initial goal was to be able to train on my own after 3 months with a PT, and indeed, after 3 months I could train on my own. But because of Thai's dedication and expertise, I've continued with him for 4 months now. He's very dedicated and not at all careless; his personalized training plan is tailored to my individual goals, he carefully observes and corrects my form during each session, and explains all my questions thoroughly, not just going through the motions. Plus, he makes great videos – I have tons of great photos for social media after my workouts! ^^
The training space is comfortable, not too crowded, and I don't have to worry about being overcharged like with chain stores.

I've also had some small successes after 4 months of training here. Overall, it's great. If there were more machines for women, I'd definitely stay here forever!"
Ci9DQUlRQUNvZENodHljRjlvT2xNNWRpMVVTbDloWm5VMGNscHZNWHB3VDBrMWMxRRAB,Vũ Lâm,5,a month ago,"The rooms are great, the service is excellent, and the equipment is fantastic. The staff are very helpful, and there's a lovely and enthusiastic receptionist named Tram. Overall, 10 out of 10."
Ci9DQUlRQUNvZENodHljRjlvT2xCSGNreHdZa1k0TVROVFExTkhNVzFPVFZOYVowRRAB,Huyền Nguyễn,5,5 months ago,"I went from 59kg to 52kg after training with Mr. Thai. It was worth choosing the right training partner. I gained muscle and lost fat the right way. In the first few months, the weight loss was a bit slower than expected, like losing … More"
Ci9DQUlRQUNvZENodHljRjlvT21KV1NqaHlSbVJRVjFCS04zQlFRMlpOTkVKWGRrRRAB,Doan Dac Thien,5,4 months ago,"I've been working out here for 4 months now. Overall, the gym is well-equipped, spacious, and clean. The personal trainers are friendly, and especially Ms. Phuong is very dedicated, cheerful, and supportive."
Ci9DQUlRQUNvZENodHljRjlvT21sUVNFaDBUM1l6WDBkYU4zTm9Na05XYmxOUVQzYxAB,Khôi Nguyễn,5,4 months ago,I found the training here to be great and recommended it to my friends! There's a sales representative named Phuong who's very helpful.
Ci9DQUlRQUNvZENodHljRjlvT2pkdFRsYzNkMDlTUTJGaGJ6QkNkUzFoYzJGU2MxRRAB,Lăng Nguyễn Đức Đinh,5,4 months ago,"The gym is great, the space is clean, and the equipment is complete, from the weight racks to the cardio machines, everything is good. The trainers are enthusiastic, especially Ms. Phuong; she's super energetic. If you need to ask anything about technique or reps, she'll guide you thoroughly. Overall, it's a place worth sticking with long-term to improve your body."
Ci9DQUlRQUNvZENodHljRjlvT2kxSmRrOURRamxXZGtOQmIxVTFRWFZUVUZGNlRGRRAB,Heji Ha,5,3 months ago,"The service was excellent. Ms. Phuong provided very thorough advice, so I immediately booked the 12-month package."
Ci9DQUlRQUNvZENodHljRjlvT25Sc2N6UlZUbEIyV1hGNVIxcGFNRFZ0UlZOdVJXYxAB,Alex Nguyễn,5,4 months ago,"The gym is spacious and air-conditioned, with full boxing equipment. The personal trainers are highly qualified."
Ci9DQUlRQUNvZENodHljRjlvT200d01GbExjVkJ0VGtKU1pWbHpTVXcxU2tNdFZrRRAB,Hiếu Trương Trọng,5,a month ago,"The gym is clean, and the staff are very friendly, which enhances the motivation to work out."
Ci9DQUlRQUNvZENodHljRjlvT2pWdlpFbFJibWxTTkV0Nk5qRkhTMXAyVFc1NFpGRRAB,Phương Anh Hoàng,5,3 months ago,"The space is nice, I signed up for a 12-month package, Ms. Phuong, the sales representative, was lovely and provided enthusiastic support."
Ci9DQUlRQUNvZENodHljRjlvT21oNFNsaHVXbTAzU21SV2NsOW1NRGswVmt4TVUzYxAB,Thư Minh,5,9 months ago,"The gym is spacious, airy, clean, fragrant, the staff is enthusiastic, comfortable, the trainers are cute and enthusiastic. Overall, it's ok, lovely, worth practicing."
Ci9DQUlRQUNvZENodHljRjlvT2paeFRsa3pablp5WHpkTFgzSkhWMUZJV21zMVluYxAB,Long Trần,5,9 months ago,"The waiting area is spacious and air-conditioned, with free showers, a sauna, lovely personal trainers, a relaxed atmosphere, and friendly, enthusiastic staff."
Ci9DQUlRQUNvZENodHljRjlvT21kcFFrTmFla3BCU0UwM1JETmpOM0pET1dSdFgxRRAB,Tô Huỳnh Phúc Lâm,5,4 months ago,"The gym is spacious and airy, not too crowded, perfect for office workers. I think the prices are reasonable, and they even have a monthly installment plan. Ms. Phuong provides excellent support. Highly recommend!"
Ci9DQUlRQUNvZENodHljRjlvT2taQ1kzcEJUekJxV0hWQlJHWmphM0JZVUdFMVpGRRAB,Linh Phạm,5,3 months ago,"The gym is beautiful and spacious, with plenty of equipment. PT Minh is enthusiastic, attentive, and super cute. Consultant Tram is lovely, meticulous, and beautiful (you should definitely visit). … More"
Ci9DQUlRQUNvZENodHljRjlvT2xVeGEwUmFRVk5UTkhSaWRqVnpYMU0yUVZOTFZHYxAB,Thanh Mai Hoàng,5,9 months ago,"Nice room, tidy, with all necessary equipment. PT is friendly and very cute, 10 points"
Ci9DQUlRQUNvZENodHljRjlvT21GT1MwdzRTblUxUkV4dFZVMXlUR0o2ZVRCbVdIYxAB,Huyền Ngọc,5,8 months ago,"The gym has a variety of machines and weights, restrooms, showers, a sauna, and even individual lockers. The room is super clean and smells nice, not at all stuffy, and the price is reasonable."
ChdDSUhNMG9nS0VJQ0FnTURJd0lMeHhnRRAB,Ame Linda,5,a year ago,"I'm quite picky when choosing a gym in Ho Chi Minh City. However, after researching and training at The Shine, I found the space and the people here very friendly. The personal trainer, Mr. Thai, is very professional, plans workouts systematically, and is dedicated to his clients. It's not a perfect 10, but I'd give it a great rating!"
ChZDSUhNMG9nS0VJQ0FnTURRcWZQTmJBEAE,Laii Nguyn Thanh,5,a year ago,"Clean, air-conditioned, with a good selection of exercise equipment and divided into several private rooms 👏 Ms. Phuong was very enthusiastic in her guidance. …"
ChZDSUhNMG9nS0VJQ0FnTURvX3FidmVnEAE,Chí Hùng Nguyễn,5,a year ago,"After two weeks of working out at this gym, here are my observations:
- The staff are very friendly and lovely. Especially Tram in the picture! … More"
ChZDSUhNMG9nS0VPZjNoWmJPcDlpcEZBEAE,Minh Do,5,a year ago,"The gym isn't huge, but it always has machines to use, the space is clean and airy, and there's free water and a sauna. It's great for the price."
Ci9DQUlRQUNvZENodHljRjlvT2pGaU0yWTJlbFpQY1VWNFkyZHlWVVZMTTNCMVZFRRAB,Bảo Ngọc,5,11 months ago,The gym is clean and spacious. PT Tony provides enthusiastic and highly professional support.
Ci9DQUlRQUNvZENodHljRjlvT21OZlZXMWtiVTl3TlRNMFVYVldjalJpTUZCbGVIYxAB,Nhân Đinh,5,a year ago,"The gym is clean, air-conditioned, the personal trainers are enthusiastic, and there's free water, sauna, and showers. I train in the morning and there aren't many people; I don't know if it will be crowded in the evening."
Ci9DQUlRQUNvZENodHljRjlvT25GdE9VOTBXa3gzU1VaMmFGVnJUMUJFVm5KNlVtYxAB,Long Dương Duy,5,a year ago,"The gym is spacious and airy, with many rooms for different functions.
I can work out comfortably during the morning hours. No need to wait for the machines. The personal trainers are knowledgeable and don't pressure customers."
Ci9DQUlRQUNvZENodHljRjlvT214cU5rSnphbVE0WDBaTFNHVnFibm8xVVhWWlpWRRAB,jjuly17,5,9 months ago,"The gym is spacious, has a wide variety of machines, and the staff are super friendly ❤️‍🔥. …"
Ci9DQUlRQUNvZENodHljRjlvT2xZd1NVSlNhazVDU0d4aVgwaFBOMlpoVEhKcFJuYxAB,Thai Hoang,5,7 months ago,"The gym is clean, spacious, and has a full range of different machines. The staff here are friendly and enthusiastic."
ChZDSUhNMG9nS0VPcWEyTXl1LUt5V05REAE,Anh Thư Nguyễn,5,a year ago,"After two training sessions, I found the place quite clean, spacious, air-conditioned, with separate training zones, a sauna, and a reasonable price for the facilities. It was also quite quiet when I went between 11 am and 2 pm. The receptionist, Ms. Phuong, and the personal trainer, Mr. Thai, were very helpful and enthusiastic 🥳 …"
Ci9DQUlRQUNvZENodHljRjlvT2xSMU9YUTBURmRqYVUxbVVsRTVUbWhoYTBwV09WRRAB,Sơn Đỗ Bá,5,8 months ago,"The gym is clean, airy, has few people working out, and the personal trainer is very enthusiastic."
Ci9DQUlRQUNvZENodHljRjlvT2xkYWMyUnhPVFpEUVRWVlp6STVNRnBTUW1WNE9VRRAB,Hòa Trần Thái,5,a year ago,"The gym is clean and airy. The staff are friendly, and the trainers are very helpful, making the workout experience very comfortable."
Ci9DQUlRQUNvZENodHljRjlvT21oZmMySTNSM1ZGYkZCWVRubHZhV3R2WTAxeU5uYxAB,Phương Nhi,5,a year ago,"The rooms are clean, airy, and regularly cleaned.
Everyone here is very friendly, easy-going, and sociable. Ms. Tram is very helpful.
The personal trainers, especially PT Jackson, are very enthusiastic."
Ci9DQUlRQUNvZENodHljRjlvT205amVVNTFUSE4zWkVWdFdXOUlXbk5mV0d0NE5rRRAB,Thắm Nguyễn Thị,5,a year ago,"The space is spacious, and the receptionist and personal trainer are very enthusiastic! 🌷 Excellent service, everyone should try it out! …"
Ci9DQUlRQUNvZENodHljRjlvT25ObVgwSktTbDh6UlRaa1pXVmtNelF0VXpkTGVWRRAB,LE VAN LUAN,5,a year ago,"After going to this gym, I just want to keep working out forever! 😍 The machines are clean, the air is pleasant, and I get to listen to chill music. The personal trainers are both enthusiastic and funny; I feel tired but happy after my workout. …"
Ci9DQUlRQUNvZENodHljRjlvT21jME5VRm1SRWxZT0VGNlFUTlFNMlU1U0c1dGNrRRAB,Kiet Pham,5,a month ago,I need to sell my gym membership which has 8 months left. The gym is very clean and spacious.
ChZDSUhNMG9nS0VJQ0FnTUNJa05DQU9REAE,Loan Nguyen,5,a year ago,"The training area is clearly divided into zones, spacious, and well-equipped. The changing rooms are large, clean, and smell nice. The personal trainers are professional, enthusiastic, and always ready to assist. The receptionist and security guard are friendly and lovely. There's no perfect 10/10, but 🤟 …"
Ci9DQUlRQUNvZENodHljRjlvT2xWelRUaFJkMlZTWDI5WUxXZHhiWEYzVTNWa1FXYxAB,Nguyễn Thị Hồng Hạnh,5,a year ago,The gym and yoga studio is clean and smells nice. Anyone living near Hoang Hoa Tham Street in Tan Binh District who doesn't want to travel far should stop by and try it out.
Ci9DQUlRQUNvZENodHljRjlvT2xCRmJXdGhjVWxmVG1zMGRWZFVjMnRVWDBSR2QwRRAB,Gia Huy Nguyễn,5,4 months ago,"This room is spacious and comfortable, the service is good, Ms. Tram is lovely, friendly and provides enthusiastic advice. 10/10 service."
ChdDSUhNMG9nS0VJQ0FnSURYczkyZndnRRAB,Nguyễn Trương Tấn Lộc (3120410293),5,Edited a year ago,"- Clean and spacious gym
- Modern and complete exercise equipment
- Excellent service, including towels, lockers, showers, etc. 5 stars … More"
Ci9DQUlRQUNvZENodHljRjlvT25GWldGbHFiWFY1ZURGeldVbExVbGxpVWtkMmJtYxAB,Phương Anh,5,11 months ago,"The gym is spacious and airy, with many rooms serving different functions.

I recommend everyone work out here!"
Ci9DQUlRQUNvZENodHljRjlvT25SeU5tMWpaM05yVUVGRWNraFhVVEEwWkUxQmRtYxAB,thanh kim,5,9 months ago,"Clean room, staff are very enthusiastic, especially Ms. Phuong Phuong, the gym is very satisfactory and reasonable in price"
ChdDSUhNMG9nS0VJQ0FnTURJN2F2MTJBRRAB,Tôn Nguyễn (Karl Marxx),5,a year ago,"The gym is great, the trainers are enthusiastic, and the staff are friendly, especially Ms. Tram."
Ci9DQUlRQUNvZENodHljRjlvT210clJtVjZTVnBUZGs5ck9XaDRiVFJWV21rNVowRRAB,Đạt Phạm,5,9 months ago,"The gym is clean, and the service is great! 5 stars! ❤️"
ChZDSUhNMG9nS0VJQ0FnTUNvME9DaERBEAE,sang ngo,5,a year ago,"The gym isn't huge, but it's not crowded, there are always machines available, the space is clean and airy, and there's free water and a sauna. It's great for the price."
ChdDSUhNMG9nS0VOX2JyYTJDbjk3bF93RRAB,Hồng Gia Hân,5,a year ago,"The gym is fantastic! Modern equipment, clean, enthusiastic trainers, and a spacious environment. Very satisfied, 5 stars!"
ChZDSUhNMG9nS0VQcTY4dHp3enRuNVp3EAE,Nguyễn Lâm Ngọc Trang,5,Edited a year ago,"The gym is clean, the equipment is brand new, the staff are super friendly and enthusiastic, and the personal trainers are incredibly attentive. I've only been training with Hoang Thinh for two months and my physique has changed noticeably 😝😝😝. Let's all work out to get fit and beautiful! …"
ChdDSUhNMG9nS0VMX0hxcldDdExQbjhnRRAB,Tình Nguyen,5,a year ago,"The gym is airy, the staff and PTs are enthusiastic in teaching. The toilet is clean and comfortable, there is a bathroom and a comfortable sauna. It's great ❤️"
ChdDSUhNMG9nS0VJNkx0NGFWLUtlYnBnRRAB,duyhai hong,5,a year ago,"The Shine Fitness and Yoga is truly a high-quality gym and deserves every star in this review! Since I started training here, I've felt a noticeable positive change not only in my physical health but also in my mental well-being.
Modern and top-notch facilities: The gym is fully equipped with a variety of modern machines, from weight training areas, treadmills, and stationary bikes to specialized equipment for each muscle group. Everything is kept clean and organized scientifically, creating a comfortable and inspiring training space. In particular, the yoga room is very spacious and airy, providing a feeling of absolute relaxation.
Professional and dedicated trainers: This is the brightest point of The Shine. The personal trainers (PTs) here not only have extensive professional knowledge but are also extremely enthusiastic, dedicated, and always listen to the needs of their members. They are always ready to guide, correct movements, and offer helpful advice to achieve personal goals. The professionalism and friendliness of the team have greatly motivated me throughout my training. A big thank you to Vinh (Jackson) for his dedicated guidance.

Energetic training environment: The atmosphere at The Shine is always full of positive energy. From the friendly and welcoming reception staff to the fellow trainees, everything creates a civilized and comfortable environment. I always feel welcome and motivated to come to the gym every day.

Outstanding amenities: In addition to the main training area, The Shine also has clean changing rooms, secure lockers, and convenient showers. These are small details, but they demonstrate professionalism and care for the customer experience.

In short, The Shine Fitness and Yoga is not just an ordinary gym, but a holistic wellness center where you can find motivation, joy, and achieve your physical and mental goals. I will definitely continue to support The Shine and confidently recommend it to anyone seeking a high-quality training facility. Come and experience it for yourself; you won't be disappointed!"
ChdDSUhNMG9nS0VJQ0FnSUNmdElYZGhnRRAB,Luân Nguyễn,5,a year ago,"The service is good, the facilities are nice, there's a sauna, it's clean, the price is reasonable, the rooms are divided evenly so it's not crowded, and the personal trainers are enthusiastic."
Ci9DQUlRQUNvZENodHljRjlvT25oS2ExcFFZMUpXYjBobWNTMDVXVkJ3T0VoTFIxRRAB,Kami,5,6 months ago,The space is comfortable and nice. The exercise equipment is good.
ChZDSUhNMG9nS0VJQ0FnSUNMOXJDUWVBEAE,Hạnh Nguyễn,5,2 years ago,"The gym is spacious, clean, and offers privacy. Highly recommended for everyone living near this area to work out! ❤️❤️❤️"
Ci9DQUlRQUNvZENodHljRjlvT25wdlF6WlNUVVJETkRWNFdreHBjazVhT0dWb1gzYxAB,Khanh Quynh Tran Vu,5,a year ago,"The gym is good, the equipment is new, it's clean, and it has all the basic amenities like water and towels."
ChdDSUhNMG9nS0VJQ0FnTUNRaF9pVC1nRRAB,Loc Le,5,a year ago,"The gym is clean, well-equipped, and has a sauna. The personal trainers are friendly, cheerful, and enthusiastic. The prices are very reasonable."
Ci9DQUlRQUNvZENodHljRjlvT2xOSFZXRnJOVU0xTkVJM2JGRTBUVGx2TmtkSFNsRRAB,Nguyễn Thị Thanh Ngân,5,a year ago,The gym is clean and has plenty of exercise equipment. You should definitely try it!
ChZDSUhNMG9nS0VJQ0FnSUR2OXZXZFBBEAE,Quang Trong Tran,5,a year ago,"The gym is cool, clean, smells nice, and has complete equipment. There are many rooms divided into different areas for training, so it's not crowded."
Ci9DQUlRQUNvZENodHljRjlvT2tKSGJsTlZjbk4yVVRJdFRYaHhVRmhZVEdOeE1rRRAB,Khoa Đăng,5,a year ago,"Excellent, the room was fully equipped and clean. The receptionist, Bich Tram, was friendly and helpful."
ChdDSUhNMG9nS0VJQ0FnTUNRdE0yUzRRRRAB,Phú Thịnh,5,a year ago,"The gym is spacious and airy, the consultant is lovely and friendly, and the prices are reasonable, so everyone should try it! 😆😆😆 …"
ChZDSUhNMG9nS0VJQ0FnTURJMy1lQ2RREAE,Sơn Nam Trần,5,a year ago,"The room is fully equipped, fragrant, the staff Tram is cheerful, enthusiastic and cute."
ChZDSUhNMG9nS0VJakp2UDJfa3YyRlNREAE,Thuy Thuy,5,a year ago,"The gym is spacious and airy, and the receptionists and trainers are friendly and enthusiastic. 10/10 for the service here."
ChZDSUhNMG9nS0VJQ0FnSUNmamZpZlFREAE,Ngân Nguyễn,5,a year ago,"The gym is new, clean, high-quality, and comfortable to work out in. It combines yoga and gym exercises, which is super convenient. Ms. Tram also provided enthusiastic advice and support. I highly recommend it to everyone 😊 …"
ChZDSUhNMG9nS0VJQ0FnSUNmdE1iUFN3EAE,Vỹ Lâm,5,a year ago,"The gym is fully equipped (air conditioning, sauna, etc.), and the staff are enthusiastic and helpful."
Ci9DQUlRQUNvZENodHljRjlvT21aMVpsbFZiR3huVWxnelJVcGpXazB3YlVkZlIwRRAB,Sang Thanh,5,8 months ago,"Spacious, modern equipment, multiple training levels."
Ci9DQUlRQUNvZENodHljRjlvT2xaSFZtMVpPVE5LU3prM1dHTmxXRVJGUTJ0MVJXYxAB,Đức Huy Phan,5,a year ago,"The gym is very clean, air-conditioned, and provides a cool and comfortable environment. The equipment is complete and modern. The trainers are enthusiastic, highly professional, provide detailed instructions, and are always supportive of the trainees."
Ci9DQUlRQUNvZENodHljRjlvT21wZlMxbGtXSHBGY0VoNFQxRklNRU5GVFhwSExWRRAB,Bảo Trân Võ Huỳnh,5,a year ago,"The hotel is spacious, has three floors, is clean, and the receptionist is lovely."
ChZDSUhNMG9nS0VJQ0FnTUR3MjdDLUtnEAE,Ngọc Ánh,5,a year ago,"The gym is clean and beautiful, with convenient facilities for both gym and yoga. The yoga instructor is lovely, and the personal trainer, Tony, is handsome."
ChdDSUhNMG9nS0VMbW16SnpsbllUNWdBRRAB,Nhung Nguyen Phi,5,a year ago,"Spacious, comfortable & fully equipped gym"
ChZDSUhNMG9nS0VJQ0FnTUNva092eVdREAE,Hiếu Nguyễn,5,a year ago,"The gym is cool, well-equipped, the staff are friendly, and the prices are reasonable."
Ci9DQUlRQUNvZENodHljRjlvT25WVGNpMXBVMVZsYlZwMGFHZGtRMVV5VnpCeVRHYxAB,Nhat Nguyen,5,6 months ago,The room is clean and airy.
ChdDSUhNMG9nS0VJQ0FnSUN6MTUzN3lRRRAB,Phúc Lê Hoàng,5,2 years ago,"The rooms are quite spacious and comfortable, the service is good, and the price is reasonable... a great choice for everyone!"
ChZDSUhNMG9nS0VJQ0FnSURueWN1MVVnEAE,Thanh Nguyễn,5,a year ago,"The gym is high quality.
The staff are very helpful and enthusiastic.
The personal trainers are especially professional. … More"
Ci9DQUlRQUNvZENodHljRjlvT2prNE5WZEJUazl4VERKb1ZEWmhRMmswVVVkV1RHYxAB,ABBOTT MBB,5,a year ago,"The three-story gym always has machines to use, the space is clean and airy, with free water and towels, and a sauna. Absolutely fantastic. I especially liked Bich Tram at the reception desk."
ChdDSUhNMG9nS0VJQ0FnTUNJenZEVHpBRRAB,Văn Minh Hưng,5,a year ago,"- The gym is clean and spacious.
- The exercise equipment is modern and complete."
Ci9DQUlRQUNvZENodHljRjlvT2pCd2VrTlhieTE2Vkc1eU1FdzNiREpmUldGMllWRRAB,Huyền Ngọc,5,a year ago,"The gym is clean and airy. The staff is friendly and sociable, the trainer is enthusiastic, so I feel very comfortable and happy when I come to practice. ❤️"
Ci9DQUlRQUNvZENodHljRjlvT2xsb09FNURNVVU1ZEhoWVgyaG5SMXBQZW1wdGFYYxAB,manh le,5,a year ago,"I've been working out for over a month, and I feel like I'm starting to build muscle. The gym is spacious and clean; my only fear is running into someone with body odor, otherwise I'd have to quit and go home that day."
ChdDSUhNMG9nS0VMYXVnY0tobnRmdDlBRRAB,Nhân trọng,5,a year ago,"The gym is good, clean, and the environment is friendly, making it a great place for everyone to work out."
Ci9DQUlRQUNvZENodHljRjlvT2xCZk0zcE5TMjVJVFUwM01sRmZlak5EY0V4dWNIYxAB,Đông Ngân Phạm Hoàng,5,a year ago,"The gym is spacious, air-conditioned, and equipped with a variety of exercise machines. The consultants and instructors are all very enthusiastic and friendly!"
Ci9DQUlRQUNvZENodHljRjlvT2pScFdVaDJlbTlWUkdjNFVIWlZhelJqTjB4UU1YYxAB,Trung Hau Phan,5,a year ago,"The gym is clean, spacious, and fully equipped (air conditioning, towels, sauna).

The staff and personal trainers are enthusiastic and friendly."
Ci9DQUlRQUNvZENodHljRjlvT2xCWFdYUlNUVEpPWm5SdVRVbEJWM2xrVjB4c1pFRRAB,Uyên Thư,5,11 months ago,"The gym is spacious, clean, and equipped with modern facilities. In particular, Mr. Thai – the personal trainer – is very enthusiastic, always closely monitoring and providing detailed, easy-to-understand instructions, helping me to use the … More"
ChdDSUhNMG9nS0VPZlNtb1daMXRfaThBRRAB,Thịnh Đặng,5,a year ago,"The gym is clean, and the staff (personal trainers, receptionists) are enthusiastic. Free water and towels are provided."
ChdDSUhNMG9nS0VJQ0FnSUQzMEt5azB3RRAB,Huy Nguyễn Hữu Đoàn,5,a year ago,"The gym is good, with decent equipment, heavy weights, and good quality. The service is also good."
Ci9DQUlRQUNvZENodHljRjlvT2xkTWFHTlBhR1EzY0RKSU1tUm9hREpOVTAxSVZIYxAB,Phương Nguyễn,5,a year ago,"The gym is clean and the equipment is relatively good. The air-conditioned room is cool, and you can lay down a mat and take a nap after a tiring workout. The rooftop has an area for light cardio and boxing."
ChdDSUhNMG9nS0VKeTB1OXU4b2ZtMDVBRRAB,Nguyen Giang,5,a year ago,"The facilities are good, the rooms are clean, the equipment is new, and the staff are enthusiastic and friendly."
ChdDSUhNMG9nS0VJQ0FnTUR3bTVPeV9RRRAB,Nhung Lê Thị Hồng,5,a year ago,"The gym is good, high-quality, and the instructors are enthusiastic. It's affordable but very good."
ChZDSUhNMG9nS0VQTHdxOVgtdWVyRkJnEAE,Duy Tấn Võ,5,a year ago,"This place is great for working out, the staff and personal trainers are enthusiastic and friendly."
Ci9DQUlRQUNvZENodHljRjlvT21reFltRTFRbXREVm10MlUydHZkbnBEYlRjMGRXYxAB,Tuyen Dang,5,9 months ago,"The gym has just the right amount of equipment, and PT Tuyen is enthusiastic and friendly. Plus, the music is great."
ChZDSUhNMG9nS0VJQ0FnSURubFBYcE53EAE,Hữu Nguyễn Văn,5,a year ago,"The service is good, the facilities are nice, there's a sauna, it's clean, and the price is reasonable."
ChdDSUhNMG9nS0VJQ0FnSUQzOEpxMmhBRRAB,Hưng Đỗ Huy,5,a year ago,The gym is new and clean. Great workout. The security guard is lovely. The consultant is very helpful.
Ci9DQUlRQUNvZENodHljRjlvT25GNE5FSkNTa053YUhSdU9WUXllbmsyU25Sa1JFRRAB,Ngà Hồ,5,a year ago,"The staff here are very friendly; if you don't know how to do any exercises, just ask them – they're happy to help for free. Another plus is the gym is clean and spacious. You should definitely sign up!"
Ci9DQUlRQUNvZENodHljRjlvT25KUFJXMHRSRk14Wm1aSFpGOVNNM1I0VkdoU1JuYxAB,Phát Phan,5,a year ago,"The gym is clean, spacious, and well-equipped. The personal trainer is enthusiastic and dedicated."
ChZDSUhNMG9nS0VJQ0FnTUNvaWN6VERREAE,Nguyễn Lam Hà,5,a year ago,The gym is clean and all the machines are brand new. Phuong and Tram are very helpful and supportive. 💯💯 …
ChdDSUhNMG9nS0VKQ3ltdFRveDRlQTJ3RRAB,Lệ Quyên,5,a year ago,"The staff are very friendly and helpful, the gym is spacious and air-conditioned, and has lots of high-quality exercise equipment. Highly recommend it to everyone! ❤️‍🔥 …"
ChZDSUhNMG9nS0VJQ0FnTURJbjRMd0dBEAE,Hoàng Dương Nguyễn,5,a year ago,"The training area is clearly divided into zones, spacious, and well-equipped. The changing rooms are large, clean, and smell nice. The personal trainers are professional, enthusiastic, and always ready to assist. The receptionist and security guard are friendly and lovely. There's no perfect 10/10, but..."
ChdDSUhNMG9nS0VJQ0FnTURJb3JiNW1BRRAB,Lê Quốc Khánh,5,a year ago,"The room was private, air-conditioned, and the consultant was very helpful."
Ci9DQUlRQUNvZENodHljRjlvT2pCelJtRkpYMXAzUm1OT1VqUlFORkJ2ZDJSMlpHYxAB,Huệ Nguyễn,5,a year ago,"The gym is clean, the equipment is new, and there are plenty of machines for everyone to use. The receptionist is nice. There are no 10/10 gyms, but..."
ChZDSUhNMG9nS0VJQ0FnSUMzbVpqV0JnEAE,Khang Bao,5,a year ago,"The gym is spacious and comfortable, the equipment is good, and the staff are enthusiastic."
Ci9DQUlRQUNvZENodHljRjlvT21wRVltZDFNWEJWWDFFNFdrSmliVzR6U1hKcmFXYxAB,Khang Hoàng,5,9 months ago,"The gym is great, and the coach is enthusiastic 🥰 …"
Ci9DQUlRQUNvZENodHljRjlvT2tWV1QwdHlUSFpKUkRsME5VazFZVzE0ZVRsRGVWRRAB,Đức Anh Vũ,5,11 months ago,"The gym is so beautiful, everyone!"
Ci9DQUlRQUNvZENodHljRjlvT2w5YWVHOUZPRXh3WkZaSlRIaHJiekpZZDI5dVVtYxAB,032_Hải Nguyễn Khắc,5,a year ago,Spacious and well-equipped
Ci9DQUlRQUNvZENodHljRjlvT21OV2FEUjBVV05rUVZJMFJsWlNUbWRPV2pKU1NIYxAB,My Nguyen Ngoc Diem,5,a year ago,"The gym is clean and airy, the staff are lovely and enthusiastic, especially Mr. Thai."
ChZDSUhNMG9nS0VJQ0FnTUNvc0l6cUtBEAE,Khanh Nguyễn,5,a year ago,"I've been training here for 3 months now. Overall, it's fun and the training space is comfortable. Ms. Phuong is enthusiastic and friendly, just like in the picture. PT Tony is great at guiding."
ChZDSUhNMG9nS0VJQ0FnTURJc05fZ0p3EAE,Phát Nguyễn,5,a year ago,The gym is clean and the staff are enthusiastic ❤️
Ci9DQUlRQUNvZENodHljRjlvT2xwQ1dVeFRjMEowV0RWYWJsWkRhVmRNTlRGSldWRRAB,khnag Hoang,5,2 months ago,Could you please tell me the price for a monthly membership?
Ci9DQUlRQUNvZENodHljRjlvT21kT1lUSnVZa0Y0VUc5Q1JqbHRhSGc0UVZKNFJHYxAB,O. K,5,a year ago,"The gym is great, fully equipped and clean. The receptionist, Bich Tram, was very helpful and friendly."
ChZDSUhNMG9nS0VJQ0FnSUR2bktQMVlBEAE,Mỹ thiện Nguyễn,5,a year ago,"The gym is clean, reasonably priced, the receptionists are friendly and enthusiastic, and the security guard is helpful. It's definitely worth a try!"
ChZDSUhNMG9nS0VJQ0FnTURndzZTVEd3EAE,Thanh Phúc,5,a year ago,"Good service, convenient, and clean.
Spacious and comfortable."
ChZDSUhNMG9nS0VJQ0FnSUQzZ05PMkZ3EAE,Chương Trương,5,a year ago,"The gym is spacious and well-ventilated, and the staff are enthusiastic."
ChZDSUhNMG9nS0VJQ0FnSUN2d0xHTFRnEAE,Van Binh Nguyen,5,a year ago,"Good quality for the price, enthusiastic personal trainers."
Ci9DQUlRQUNvZENodHljRjlvT2xWSFdGQnpaa2R2ZUdRNVFscGpWVEpyTWtwSWFFRRAB,Long Lê,5,a year ago,"The gym is clean, the trainers are enthusiastic, and the equipment is complete. The receptionist, Tram, is extremely helpful!"
ChZDSUhNMG9nS0VOM3JpX09VeGEtcmJnEAE,Sóng lớn Lưu,5,a year ago,"The Shine Fitness and Yoga gym caters to fitness enthusiasts and staff who provide services for muscle and body training. Everyone, male or female, will achieve a beautiful and flexible physique by working out at The Shine Fitness and Yoga. The gym has enthusiastic and cheerful instructors who are always ready to assist you, and beautiful and cheerful female staff members like Tram and Phuong who are always ready to help with any questions or requests for assistance. Come to The Shine Fitness and Yoga gym to improve your physique and overall health."
ChZDSUhNMG9nS0VJQ0FnSUNYc0tTNUJREAE,Doan Thuy Thuyen,4,a year ago,"The gym is private, the service is good, the staff are enthusiastic, the equipment is adequate, the price is reasonable for the service, and as a bonus, the restrooms smell amazing."
Ci9DQUlRQUNvZENodHljRjlvT2xwWFMySTRaWHBVUmpOWVVIazRUM1JKYm5FM1FrRRAB,Pham Tien,5,4 months ago,comfortable gym
ChdDSUhNMG9nS0VJQ0FnTUNvaE5XVXV3RRAB,Phong Phong,5,a year ago,"The gym is great, the trainers are enthusiastic, the staff are friendly, 100/10 for service quality!"
ChZDSUhNMG9nS0VJQ0FnTURJbi1pclpBEAE,Huan Tran,5,a year ago,The gym is clean and well-equipped with exercise machines. The staff are very enthusiastic.
Ci9DQUlRQUNvZENodHljRjlvT25acFNHcEpkM1owYlU5dFh5MWtkV3gzVW10T1NuYxAB,Thiện Nguyen,5,a year ago,"Good gym experience, quite full of exercise equipment, friendly and enthusiastic customer service and PT"
ChdDSUhNMG9nS0VJQ0FnSURyOThHWXRBRRAB,Anh Khôi Nguyễn Lưu,5,2 years ago,"Everyone here is very enthusiastic, professional, and friendly. The private gym is perfect for those who are shy around crowds."
Ci9DQUlRQUNvZENodHljRjlvT2xsTlREZEViek5zVG14NlFWUmZZWE5XWWxwU1RFRRAB,Ngọc Tùng,5,a year ago,"The gym is clean, the staff are friendly and helpful, definitely worth working out here 🥰🥰 …"
ChZDSUhNMG9nS0VJQ0FnSURuaU1qNUh3EAE,MS 19 Hồ Cảnh Minh,5,a year ago,"The gym is spacious and clean, the trainers are enthusiastic and friendly, and they provide advice on proper diet and exercise."
Ci9DQUlRQUNvZENodHljRjlvT2twMGRYQlRTRUZJZUVzdGRFSnBkRVZTVlRSRFEyYxAB,Phương Trần,5,10 months ago,That's amazing. Everyone should sign up for PT Jackson to help with their workouts.
ChdDSUhNMG9nS0VJQ0FnTURJc1BlVG9BRRAB,21-Nguyễn Đức Nhật,5,Edited a year ago,"Good service, friendly and helpful staff.
Prices are mid-range, so students don't have to worry too much about the cost."
Ci9DQUlRQUNvZENodHljRjlvT21oUFRHVTJhVFV6YWxZek1sSm1URVZYYzNCbFEyYxAB,Tân Nguyễn,5,6 months ago,The room is okay.
ChZDSUhNMG9nS0VJQ0FnSURuc01ydVV3EAE,Phượng Hồng,5,a year ago,"I wanted to lose weight, so I went to a clean gym with lots of machines. The receptionist was lovely, and the trainers were great."
ChZDSUhNMG9nS0VKNk9ycXJoenNtb2V3EAE,Trương Thanh Liêu,5,a year ago,"The gym is clean, the staff are helpful, and the exercise equipment is complete."
Ci9DQUlRQUNvZENodHljRjlvT2tOaGF6QnFXbTVhTjI5T01uWnFWbVV5Y1RVNVdIYxAB,Nguyên Lê,5,10 months ago,Okila yoga teacher
Ci9DQUlRQUNvZENodHljRjlvT2paNVVsTnJaekpwYzJkeU0yeFBaMGd3VDJ0NGJuYxAB,Tran Dang Khoa,5,a year ago,"Convenient location
Amenities and facilities
Friendly staff
Recommended to exercise at this location"
Ci9DQUlRQUNvZENodHljRjlvT2w5V1lqazJOR3AzYUVsTVFscHRSWGt5Y2kxbk5GRRAB,Nguyễn Minh Quang,5,4 months ago,very good
ChZDSUhNMG9nS0VLeUY3OW4xaE9QM0xBEAE,Trung Vu,5,a year ago,Enthusiastic and attentive service. The gym is new and fully equipped with high-quality equipment. Personal trainers provide excellent support.
ChZDSUhNMG9nS0VJQ0FnTURndC1uelN3EAE,Duy Bui Van,5,a year ago,"Clean and fully equipped.
Enthusiastic staff."
ChZDSUhNMG9nS0VJQ0FnSUNiLVBpSkdBEAE,Nguyễn Thái,5,2 years ago,"The gym is clean and spacious, and the personal trainers are very enthusiastic and dedicated."
ChdDSUhNMG9nS0VJQ0FnSUM3cjRuVHVnRRAB,cao ky Nguyễn,5,2 years ago,"The gym is beautiful, with a luxurious and spacious design. The personal trainer is enthusiastic, attentive, and handsome :)))"
ChZDSUhNMG9nS0VJQ0FnSURuc095TmN3EAE,Ngo Tram,5,a year ago,"The room was airy and clean, and the receptionists and personal trainers were friendly and enthusiastic. 10/10!"
Ci9DQUlRQUNvZENodHljRjlvT2sxSFREZDNWVFpqZG5KUlprcE9WV1J2VEd4d1NYYxAB,Cong Danh,5,11 months ago,"Very good, worth trying."
Ci9DQUlRQUNvZENodHljRjlvT2pJelFuTnlUMkZrVUU0MVRGRkNUVmxDTTFSUFlWRRAB,Tienlen Huynh,5,a year ago,"The rooms were new, clean, and smelled nice. The receptionists were beautiful and provided helpful advice."
ChZDSUhNMG9nS0VJQ0FnSURMejhHTkdnEAE,Trung Nhân,5,2 years ago,The gym is spacious and clean. The staff are attentive and pleasant. The music in the gym is great!
ChZDSUhNMG9nS0VJQ0FnSUR2dU83OVpREAE,Nguyễn Hoàng Thu Thảo,5,a year ago,"The gym is spacious and airy, everything here is great."
ChZDSUhNMG9nS0VJQ0FnSUN6ODl1cUx3EAE,Hai Nguyen,5,2 years ago,"The room was very well-maintained, with full services from parking to toilets! Definitely worth a stay."
ChdDSUhNMG9nS0VJQ0FnSUNfZzVPMW1nRRAB,Hồ Thư,5,a year ago,"The room was incredibly spacious.
There were so many modern and diverse amenities, and everyone was super nice."
Ci9DQUlRQUNvZENodHljRjlvT2tJdGJETnJWMlZSUkRsNk9WVk1ka2RWTjBsTk1GRRAB,K,5,a year ago,"The space is great, the equipment is excellent, and the staff are enthusiastic. 10 out of 10!"
ChdDSUhNMG9nS0VJQ0FnSUR2MFpfQ3R3RRAB,Tấn Kiệt Phan,5,a year ago,Awesome!
ChdDSUhNMG9nS0VJQ0FnSURQdGNPX3ZRRRAB,Ji Linh1205,5,a year ago,The room was clean and quite spacious.
ChdDSUhNMG9nS0VQalgyN3l4a2JfLXR3RRAB,Huỳnh Nguyễn Tuấn Huy,5,a year ago,"The room is great, spacious, cool, and perfect for exercising."
ChdDSUhNMG9nS0VJQ0FnSURuNUlxSV9RRRAB,Trần Linh,5,a year ago,"The gym smells amazing, the music costs 10,000,000 VND, the staff are lovely, and the receptionists are super cute!"
ChZDSUhNMG9nS0VJQ0FnSURuNUtxb0d3EAE,Trang Lê,5,a year ago,"The gym smells nice, the music is great, and the personal trainer is enthusiastic and friendly."
ChZDSUhNMG9nS0VJQ0FnSURueHNXd0d3EAE,17 Lê Nhật Minh,5,a year ago,"The rooms are clean, the equipment is new, and the personal trainers are very enthusiastic."
ChZDSUhNMG9nS0VJQ0FnSUNIMG9YeWJBEAE,Hkhndgxyebi 647,5,2 years ago,"The gym is clean and spacious, and the personal trainers are friendly."
ChZDSUhNMG9nS0VJQ0FnTUNnbmJhMEt3EAE,VAN NGAI DINH,5,a year ago,"I'm just starting out, and it seems okay."
Ci9DQUlRQUNvZENodHljRjlvT2tsYWNYRXhSVFUyVjJOdE5IZHdXbTlIZEZkU2MzYxAB,mynhan nguyenthi,5,9 months ago,"Spacious
Pt declared enthusiastically"
Ci9DQUlRQUNvZENodHljRjlvT2pkSldERnVNRTFHVURjNWRtVXdVV2c1ZWtKU1NrRRAB,Thịnh Đức,5,11 months ago,"Many machines, friendly staff, professional personal trainers."
ChZDSUhNMG9nS0VJQ0FnTURJbjRpYUx3EAE,tan le thanh,5,a year ago,"The gym is clean, and the staff are very helpful, especially Ms. Phuong and Ms. Tram."
ChZDSUhNMG9nS0VJQ0FnTURva3ZIOEdBEAE,Anh -01 Tuấn,5,a year ago,"The gym is spacious, clean, and okay."
ChdDSUhNMG9nS0VJQ0FnTUR3OVpLRnB3RRAB,21.Nguyễn Giang nam,5,a year ago,"The coach is great, enthusiastic and funny.
Ms. Phuong is very enthusiastic in her advice."
ChZDSUhNMG9nS0VJQ0FnTUNva1AtbGN3EAE,Trung nguyễn,5,a year ago,The gym is clean and the staff are friendly.
ChdDSUhNMG9nS0VJQ0FnSUN6NFAyUW1RRRAB,Công Phạm quốc,5,2 years ago,"The room is clean, airy, and equipped with new, modern appliances."
ChZDSUhNMG9nS0VJQ0FnTUNJdWFXWVV3EAE,Nhã Thanh,5,a year ago,"The gym is clean, spacious, well-ventilated, and fully equipped with machines."
ChZDSUhNMG9nS0VNZXB1OFNNaG9XZGRREAE,bao le,5,a year ago,"Beautiful, good"
Ci9DQUlRQUNvZENodHljRjlvT2xwRmNHdHRWVmhoT1VaTFJEaHJVRFZhTVMxT1pVRRAB,Nguyen Luc,5,10 months ago,5 stars
ChZDSUhNMG9nS0VJQ0FnSUNydTlpQ2JnEAE,Thien Tuan Do Nguyen,5,2 years ago,"The gym is clean and smells nice, definitely worth a visit."
ChZDSUhNMG9nS0VJQ0FnSUQ3Z3FlZ2VnEAE,Quang Nguyễn Duy,5,2 years ago,"The gym is beautiful and spacious. The personal trainers are enthusiastic, friendly, and cheerful."
ChdDSUhNMG9nS0VJQ0FnSUNyNHBINGd3RRAB,Mơ Nguyễn Thị,5,2 years ago,The space is spacious and airy. The staff are enthusiastic and friendly.
ChZDSUhNMG9nS0VJQ0FnTUNRdFl5UFNBEAE,Thanh Bình Trần,5,a year ago,10 points
ChdDSUhNMG9nS0VJQ0FnSUN6ME5qbWlBRRAB,Thinh Nguyen,5,2 years ago,The gym is clean and the staff are enthusiastic.
Ci9DQUlRQUNvZENodHljRjlvT2xob01VaG1SRTl3UmtsTFJHMXdPR1V0VjBWMVpYYxAB,Trung Lê,5,11 months ago,"Excellent consulting service, complete set of equipment."
ChdDSUhNMG9nS0VJQ0FnSUNiMHQ3Qy1BRRAB,dai pham,5,2 years ago,"The gym is nice and cool, and the staff are very enthusiastic."
ChZDSUhNMG9nS0VJQ0FnSURuOEwyaE13EAE,Chí Cường Nguyễn,5,a year ago,It was a fantastic experience and definitely worth trying.
ChZDSUhNMG9nS0VJQ0FnSURuNDUzX1JREAE,lê thanh vy hoàng,5,a year ago,"Friendly personal trainers, clean gym. No 10/10 rating, but 🫰🏻 …"
ChdDSUhNMG9nS0VJQ0FnTURJeHZLT3V3RRAB,16.10D4.Đoàn Thành Lộc,5,a year ago,"The facilities are excellent, and the atmosphere is comfortable."
ChZDSUhNMG9nS0VJQ0FnSUNibU1PQVRREAE,Ha Nguyen,5,2 years ago,"The room was clean, bright, cheerful, and friendly."
ChZDSUhNMG9nS0VJQ0FnSUR2bU5tcEpREAE,Giang Đỗ,5,a year ago,The gym is clean and friendly.
ChdDSUhNMG9nS0VJQ0FnSURyMHJIRzBRRRAB,Hoa Đinh,5,2 years ago,"Good service
Helpful advice
Spacious environment"
Ci9DQUlRQUNvZENodHljRjlvT2w5T1RYaG5SRFpEVlVwRlMyNU5NbFV3YnpScFptYxAB,Minh Thái,5,a year ago,The PT (Personal Trainer) provided very thorough guidance.
Ci9DQUlRQUNvZENodHljRjlvT2xoNldtdERVbWRNVWxKT01sYzBXa2QwV2w5c2JVRRAB,HUY NGO,5,3 months ago,A clean gym is good.
ChdDSUhNMG9nS0VJQ0FnSURYc2ViUGtRRRAB,Việt Phan Quốc,5,a year ago,The room is nice and very clean and comfortable
ChZDSUhNMG9nS0VJQ0FnSUNMaGVud2ZnEAE,Tuấn Lê,5,2 years ago,"Good quality, excellent service."
ChZDSUhNMG9nS0VJQ0FnSURMN1AtbGVBEAE,tín phan,5,2 years ago,The room was nice! Clean.
ChdDSUhNMG9nS0VJQ0FnTURnZ2ZXLThnRRAB,ba le,5,a year ago,Clean and cool.
Ci9DQUlRQUNvZENodHljRjlvT2t0MlVFcHhkV2w1YW1JeU1EVlphV1k1ZGtwVFRsRRAB,Trường Chân Nguyễn,5,11 months ago,That's great!
ChdDSUhNMG9nS0VJQ0FnTURvLTY3bDZnRRAB,Minh khoi Nguyen,5,a year ago,Okk practice
ChZDSUhNMG9nS0VLSzhzTnowMThlbEJ3EAE,Hương Lê Trầm (Nhân Ái),5,a year ago,Very professional
ChdDSUhNMG9nS0VJQ0FnSURydHJUWndnRRAB,Shanley Hoài Phong,5,2 years ago,That's great!
Ci9DQUlRQUNvZENodHljRjlvT205elpXeGpUbWxCVFdoNU9HWlZXSHAzU1d4ak1sRRAB,Phương Thảo,5,9 months ago,
ChZDSUhNMG9nS0VJQ0FnTURRcXM3MUF3EAE,Chân Bùi,5,a year ago,Thank you for choosing and partnering with The Shine in your training journey!
ChdDSUhNMG9nS0VJQ0FnTURvLTY2RnpnRRAB,đăng nguyễn,5,a year ago,exercise okkkkkk
Ci9DQUlRQUNvZENodHljRjlvT214a1JsaElSa3hqZWpkM2J6VlRSMHRwZG5ZemRsRRAB,Tiến Minh,5,11 months ago,Good
Ci9DQUlRQUNvZENodHljRjlvT2tkT09YRXpaamRtVVd0Wk0zRjNUbTVqVW5aWE0xRRAB,Cao Tue Tran,5,6 days ago,
Ci9DQUlRQUNvZENodHljRjlvT25wTFRtOTJla2RMT1d4eVdISnBaV3c1WWpWSlJYYxAB,Lan Đinh Tuyết,5,a month ago,"The gym is student-friendly, reasonably priced, and suitable for student needs."
Ci9DQUlRQUNvZENodHljRjlvT25wMWExbE5NblI0WlhsWVZXbFdOMDlFTTNkSk1sRRAB,Trung Kiên Phạm,2,a month ago,
Ci9DQUlRQUNvZENodHljRjlvT2s5dVkzZHNRMEpWVFdseVUxVmtWbWhxUjE4eVptYxAB,Gia Huy Trần Huỳnh,5,a month ago,"The gym is very comfortable, clean, and the equipment suits my needs."
Ci9DQUlRQUNvZENodHljRjlvT21WUVMyNTRaWEpMU0RkU1N6UTFTbFUxY0VOb1NsRRAB,Hoàng Vũ Lê,5,a month ago,"The gym is beautiful, the service is great, and the personal trainers are enthusiastic. The female staff are very friendly. In short, it's fantastic."
Ci9DQUlRQUNvZENodHljRjlvT2pSWVNGSktSMXB6UlhOTWRsaE5Ua05CVHpOQ2NHYxAB,Linh Lê,5,a month ago,"The gym is comfortable, and the receptionists are very nice. The personal trainers are also cute, I highly recommend it! The prices are reasonable, not expensive at all. Honestly, I'm so happy to have found a gym I really like!"
Ci9DQUlRQUNvZENodHljRjlvT21sa2NqWk5YMjFsVEVrNVZWUnpkV3hJVTA1VWVsRRAB,Nhân Đỗ,5,a month ago,"The gym has enough machines, and while the service isn't top-notch, I got a 12-month package through a transfer and have been working out for two months now, which is great. I didn't sign up for a personal trainer, but the guys there were very helpful. I'd give it a 10/10 if anyone else complained! ♥️♥️ The receptionist, Ms. Tram, was also very enthusiastic and friendly! 🌹🌹"
Ci9DQUlRQUNvZENodHljRjlvT2xwWk9FSmhUVXRCYVdobFpucHZTMGx4YjJkWFYxRRAB,Quốc Nguyễn Lê Tiến,5,6 months ago,
Ci9DQUlRQUNvZENodHljRjlvT2tOU1MzRm5kV3R2U2kxZk5GQXpiR3hTZWxFMGNVRRAB,jacopo pugnotti,5,7 months ago,
Ci9DQUlRQUNvZENodHljRjlvT2pFMFh6ZHBaV1JUUmw5dk9IaEdOVGRqYW5Gak9VRRAB,Ân Nguyễn Thiên,5,9 months ago,
Ci9DQUlRQUNvZENodHljRjlvT21KMlgwaFBSSGQ1YWtwTmRFVnpja290UkdzNGFYYxAB,Triết Minh,5,a year ago,
Ci9DQUlRQUNvZENodHljRjlvT21aeVR6UkVSSGhLY2xGUWJWWmpZemx2VlZGcFduYxAB,Nhật Đặng Minh,5,a year ago,
ChZDSUhNMG9nS0VJQ0FnTUNvcThXN0RBEAE,Hưng Khổng,5,a year ago,Thank you for choosing and partnering with The Shine in your training journey!
ChZDSUhNMG9nS0VJQ0FnTURJc0lmM0VREAE,Vũ Chí Cường,5,a year ago,Thank you for choosing and partnering with The Shine in your training journey!
ChdDSUhNMG9nS0VJQ0FnTUR3N09ibW53RRAB,Nguyễn Gia Khánh,5,a year ago,Thank you for choosing and partnering with The Shine in your training journey!
ChZDSUhNMG9nS0VJQ0FnTURnLXZtLWF3EAE,Phú Gia,5,a year ago,Thank you for choosing and partnering with The Shine in your training journey!
ChZDSUhNMG9nS0VJQ0FnSURubEk2WlhREAE,Lê Trọng Tín,5,a year ago,Thank you very much for choosing and joining The Shine in your training journey!
ChZDSUhNMG9nS0VJQ0FnSURuNUtmRGRBEAE,Hải Long Trần Nguyễn,5,a year ago,Thank you very much for choosing and joining The Shine in your training journey!
ChdDSUhNMG9nS0VJQ0FnSUQ3cE5DdGh3RRAB,Nguyễn Huỳnh Minh Thư,5,2 years ago,Thank you so much for choosing The Shine and for your continued support in your training!
ChZDSUhNMG9nS0VJQ0FnSUNybTR1SFd3EAE,Min - - LM .,5,2 years ago,Thank you for trusting and choosing The Shine center to train with!
ChdDSUhNMG9nS0VJQ0FnSURMOTlDUHFRRRAB,Nguyễn Đoàn Viết Khá,5,2 years ago,Thank you for trusting and choosing The Shine center to train with!
