id,name,nameEn,modelNumber,brand,zoneId,zoneName,floor,category,operationalStatus,isFunctional,primaryMuscleGroups,secondaryMuscleGroups,contraindications,safetyNotes,photoUrl,reviewStatus,verified,verifiedBy,verifiedAt,revision,SAMPLE_DATA_ONLY,createdAt,updatedAt,assetKind,inventoryGroupId,unitIndex,reportedGroupQuantity,quantityUnit,weightRangeMinKg,weightRangeMaxKg,sourceId,sourceLine,sourceReceivedOn,sourceText,reviewNotes
shine_smith_01,Smith,,,,,,,,unverified,null,[],[],[],,,draft,false,,,1,false,2026-09-22T07:01:05Z,2026-09-22T07:01:05Z,machine,smith,1,1,máy,,,the-shine-user-inventory-2026-09-22,1,2026-09-22,1 máy Smith,
shine_leg_press_01,Leg Press,,,,,,,,unverified,null,[],[],[],,,draft,false,,,1,false,2026-09-22T07:01:05Z,2026-09-22T07:01:05Z,machine,leg_press,1,1,máy,,,the-shine-user-inventory-2026-09-22,2,2026-09-22,1 máy Leg Press,
shine_hip_adduction_abduction_01,Hip Adduction/Abduction,,,,,,,,unverified,null,[],[],[],,,draft,false,,,1,false,2026-09-22T07:01:05Z,2026-09-22T07:01:05Z,machine,hip_adduction_abduction,1,1,máy,,,the-shine-user-inventory-2026-09-22,3,2026-09-22,1 máy Hip Adduction/Abduction,One combined asset as reported; do not split into two machines.
shine_incline_barbell_bench_press_01,Incline Barbell Bench Press,,,,,,,,unverified,null,[],[],[],,,draft,false,,,1,false,2026-09-22T07:01:05Z,2026-09-22T07:01:05Z,bench,incline_barbell_bench_press,1,1,ghế,,,the-shine-user-inventory-2026-09-22,4,2026-09-22,1 ghế Incline Barbell Bench Press,
shine_barbell_bench_press_01,Barbell Bench Press,,,,,,,,unverified,null,[],[],[],,,draft,false,,,1,false,2026-09-22T07:01:05Z,2026-09-22T07:01:05Z,bench,barbell_bench_press,1,2,ghế,,,the-shine-user-inventory-2026-09-22,5,2026-09-22,2 ghế Barbell Bench Press,"Unit ordinal is an internal intake ID, not an observed serial number or floor position."
shine_barbell_bench_press_02,Barbell Bench Press,,,,,,,,unverified,null,[],[],[],,,draft,false,,,1,false,2026-09-22T07:01:05Z,2026-09-22T07:01:05Z,bench,barbell_bench_press,2,2,ghế,,,the-shine-user-inventory-2026-09-22,5,2026-09-22,2 ghế Barbell Bench Press,"Unit ordinal is an internal intake ID, not an observed serial number or floor position."
shine_barbell_deadlift_area_01,Barbell Deadlift,,,,,,,,unverified,null,[],[],[],,,draft,false,,,1,false,2026-09-22T07:01:05Z,2026-09-22T07:01:05Z,training_area,barbell_deadlift_area,1,1,khu,,,the-shine-user-inventory-2026-09-22,6,2026-09-22,1 khu Barbell Deadlift,"Area-level record; not an individually counted machine or a verified floor-plan zone. Do not infer constituent bars, plates, bags or functional accessories."
shine_dumbbell_area_01,Dumbbell,,,,,,,,unverified,null,[],[],[],,,draft,false,,,1,false,2026-09-22T07:01:05Z,2026-09-22T07:01:05Z,training_area,dumbbell_area,1,1,khu,1,30,the-shine-user-inventory-2026-09-22,7,2026-09-22,1 khu Dumbbell từ (1kg-30kg),"Area-level record; not an individually counted machine or a verified floor-plan zone. 1-30 kg range only; increments, pairs, individual counts and rack/bar inventory not supplied."
shine_latpulldown_01,Latpulldown,,,,,,,,unverified,null,[],[],[],,,draft,false,,,1,false,2026-09-22T07:01:05Z,2026-09-22T07:01:05Z,machine,latpulldown,1,1,máy,,,the-shine-user-inventory-2026-09-22,8,2026-09-22,1 máy Latpulldown,
shine_leg_curl_01,Leg Curl,,,,,,,,unverified,null,[],[],[],,,draft,false,,,1,false,2026-09-22T07:01:05Z,2026-09-22T07:01:05Z,machine,leg_curl,1,1,máy,,,the-shine-user-inventory-2026-09-22,9,2026-09-22,1 máy Leg Curl,
shine_leg_extension_01,Leg Extension,,,,,,,,unverified,null,[],[],[],,,draft,false,,,1,false,2026-09-22T07:01:05Z,2026-09-22T07:01:05Z,machine,leg_extension,1,1,máy,,,the-shine-user-inventory-2026-09-22,10,2026-09-22,1 máy Leg Extension,
shine_pec_deck_fly_01,Pec Deck Fly,,,,,,,,unverified,null,[],[],[],,,draft,false,,,1,false,2026-09-22T07:01:05Z,2026-09-22T07:01:05Z,machine,pec_deck_fly,1,1,máy,,,the-shine-user-inventory-2026-09-22,11,2026-09-22,1 máy Pec Deck Fly,
shine_cable_crossover_01,Cable Crossover Machine,,,,,,,,unverified,null,[],[],[],,,draft,false,,,1,false,2026-09-22T07:01:05Z,2026-09-22T07:01:05Z,machine,cable_crossover,1,1,máy,,,the-shine-user-inventory-2026-09-22,12,2026-09-22,1 máy Cable Crossover Machine,
shine_treadmill_01,Máy chạy bộ,,,,,,,,unverified,null,[],[],[],,,draft,false,,,1,false,2026-09-22T07:01:05Z,2026-09-22T07:01:05Z,machine,treadmill,1,3,máy,,,the-shine-user-inventory-2026-09-22,13,2026-09-22,3 máy chạy bộ và 2 đạp xe,"Source discrepancy: quotation image row 1 shows 4; current user list states 3. Retain 3 for intake; unresolved review Q01. Unit ordinal is an internal intake ID, not an observed serial number or floor position."
shine_treadmill_02,Máy chạy bộ,,,,,,,,unverified,null,[],[],[],,,draft,false,,,1,false,2026-09-22T07:01:05Z,2026-09-22T07:01:05Z,machine,treadmill,2,3,máy,,,the-shine-user-inventory-2026-09-22,13,2026-09-22,3 máy chạy bộ và 2 đạp xe,"Source discrepancy: quotation image row 1 shows 4; current user list states 3. Retain 3 for intake; unresolved review Q01. Unit ordinal is an internal intake ID, not an observed serial number or floor position."
shine_treadmill_03,Máy chạy bộ,,,,,,,,unverified,null,[],[],[],,,draft,false,,,1,false,2026-09-22T07:01:05Z,2026-09-22T07:01:05Z,machine,treadmill,3,3,máy,,,the-shine-user-inventory-2026-09-22,13,2026-09-22,3 máy chạy bộ và 2 đạp xe,"Source discrepancy: quotation image row 1 shows 4; current user list states 3. Retain 3 for intake; unresolved review Q01. Unit ordinal is an internal intake ID, not an observed serial number or floor position."
shine_exercise_bike_01,Đạp xe,,,,,,,,unverified,null,[],[],[],,,draft,false,,,1,false,2026-09-22T07:01:05Z,2026-09-22T07:01:05Z,machine,exercise_bike,1,2,máy,,,the-shine-user-inventory-2026-09-22,13,2026-09-22,3 máy chạy bộ và 2 đạp xe,"Unit ordinal is an internal intake ID, not an observed serial number or floor position."
shine_exercise_bike_02,Đạp xe,,,,,,,,unverified,null,[],[],[],,,draft,false,,,1,false,2026-09-22T07:01:05Z,2026-09-22T07:01:05Z,machine,exercise_bike,2,2,máy,,,the-shine-user-inventory-2026-09-22,13,2026-09-22,3 máy chạy bộ và 2 đạp xe,"Unit ordinal is an internal intake ID, not an observed serial number or floor position."
shine_seated_machine_row_01,Seated Machine Row,,,,,,,,unverified,null,[],[],[],,,draft,false,,,1,false,2026-09-22T07:01:05Z,2026-09-22T07:01:05Z,machine,seated_machine_row,1,1,máy,,,the-shine-user-inventory-2026-09-22,14,2026-09-22,1 máy Seated Machine Row,
shine_incline_chest_machine_01,Incline Chest Machine,,,,,,,,unverified,null,[],[],[],,,draft,false,,,1,false,2026-09-22T07:01:05Z,2026-09-22T07:01:05Z,machine,incline_chest_machine,1,1,máy,,,the-shine-user-inventory-2026-09-22,15,2026-09-22,1 máy Incline Chest Machine,
shine_vkr_station_01,VKR Station,,,,,,,,unverified,null,[],[],[],,,draft,false,,,1,false,2026-09-22T07:01:05Z,2026-09-22T07:01:05Z,machine,vkr_station,1,1,máy,,,the-shine-user-inventory-2026-09-22,16,2026-09-22,1 máy VKR Station,
shine_roman_chair_01,Roman Chair,,,,,,,,unverified,null,[],[],[],,,draft,false,,,1,false,2026-09-22T07:01:05Z,2026-09-22T07:01:05Z,machine,roman_chair,1,1,máy,,,the-shine-user-inventory-2026-09-22,17,2026-09-22,1 máy Roman Chair,
shine_boxing_functional_area_01,boxing + functional,,,,,,,,unverified,null,[],[],[],,,draft,false,,,1,false,2026-09-22T07:01:05Z,2026-09-22T07:01:05Z,training_area,boxing_functional_area,1,1,khu,,,the-shine-user-inventory-2026-09-22,18,2026-09-22,1 khu boxing + functional,"Area-level record; not an individually counted machine or a verified floor-plan zone. Do not infer constituent bars, plates, bags or functional accessories."
shine_dip_bars_01,Dip Bars,,,,,,,,unverified,null,[],[],[],,,draft,false,,,1,false,2026-09-22T07:01:05Z,2026-09-22T07:01:05Z,frame,dip_bars,1,1,khung,,,the-shine-user-inventory-2026-09-22,19,2026-09-22,1 khung Dip Bars,
shine_gymnastic_rings_01,Gymnastic Rings,,,,,,,,unverified,null,[],[],[],,,draft,false,,,1,false,2026-09-22T07:01:05Z,2026-09-22T07:01:05Z,equipment_set,gymnastic_rings,1,1,bộ,,,the-shine-user-inventory-2026-09-22,20,2026-09-22,1 bộ Gymnastic Rings,"One set; number of rings, straps and anchors not enumerated."
